{"RMSE": 5.173276706681071, "R2": 0.9325490585595881}